Firstname,Lastname,Age,Weight,Gender
James,Melendez,31,229,M
John,Petersen,69,100,M
Robert,James,22,156,M
Michael,Myers,44,226,M
William,Foley,27,163,M
Mary,Everett,54,221,F
David,Norris,18,158,M
Joseph,Mccormick,33,187,M
Richard,Davidson,36,166,M
Charles,Lindsey,62,187,M
Thomas,Choi,66,246,M
Christopher,Compton,25,220,M
Daniel,Morris,67,150,M
Matthew,Newton,36,173,M
Elizabeth,Copeland,63,111,F
Patricia,Herring,22,196,F
Jennifer,Carey,62,141,F
Anthony,Harper,35,106,M
George,Reyes,50,197,M
Linda,Wells,67,204,F
Barbara,Savage,65,208,F
Donald,Hammond,65,197,M
Paul,Ayers,42,127,M
Mark,Banks,44,218,M
Andrew,Schmidt,43,177,M
Steven,Norman,33,195,M
Kenneth,Frye,43,212,M
Edward,Ray,39,135,M
Joshua,Estes,49,209,M
Margaret,Lee,60,228,F
Brian,Estes,56,115,M
Kevin,Mcintosh,41,211,M
Jessica,Potter,44,223,F
Sarah,Allison,61,178,F
Susan,Hurley,54,109,F
Timothy,Lozano,45,225,M
Dorothy,Alexander,36,237,F
Jason,Haley,51,137,M
Ronald,Beard,19,182,M
Helen,Huynh,24,230,F
Ryan,Wright,49,103,M
Jeffrey,Haley,48,237,M
Karen,Griffin,23,238,F
Nancy,Weiss,51,137,F
Betty,Morse,19,119,F
Lisa,Jordan,24,181,F
Jacob,Wiley,53,178,M
Nicholas,Stout,55,112,M
Ashley,Baird,33,195,F
Eric,Huffman,25,137,M
Frank,Gallagher,62,132,M
Gary,Benjamin,52,196,M
Anna,Cisneros,25,139,F
Stephen,Fitzpatrick,38,127,M
Jonathan,Weber,36,175,M
Sandra,Travis,35,160,F
Emily,Nicholson,62,148,F
Amanda,Hebert,22,187,F
Kimberly,Mooney,55,149,F
Michelle,Mccoy,18,207,F
Donna,Lloyd,48,134,F
Justin,Ponce,38,226,M
Laura,Farrell,44,191,F
Ruth,Santana,68,138,F
Carol,Townsend,32,109,F
Brandon,Bullock,63,197,M
Larry,Jimenez,58,228,M
Scott,Newman,69,248,M
Melissa,Holloway,59,224,F
Stephanie,Khan,65,136,F
Benjamin,Bell,20,137,M
Raymond,Gallagher,26,130,M
Samuel,Carey,18,233,M
Rebecca,Reeves,31,243,F
Deborah,Neal,20,200,F
Gregory,Haynes,65,167,M
Sharon,Murphy,53,187,F
Kathleen,Nguyen,56,232,F
Amy,Hernandez,22,210,F
Cynthia,Mccullough,27,132,F
Alexander,Smith,68,203,M
Patrick,Mcdowell,28,238,M
Jack,Gould,39,128,M
Henry,Black,65,179,M
Angela,Campbell,22,160,F
Shirley,Wang,26,140,F
Emma,Barron,20,246,F
Catherine,Phillips,66,237,F
Katherine,Dickerson,47,232,F
Virginia,Houston,62,117,F
Nicole,Long,60,246,F
Dennis,Yates,26,204,M
Walter,Wade,28,177,M
Tyler,Ochoa,29,207,M
Peter,Navarro,23,131,M
Brenda,Travis,68,112,F
Aaron,Proctor,39,154,M
Jerry,Patton,51,210,M
Christine,Kelley,58,100,F
Samantha,Lloyd,61,189,F
Adam,Underwood,52,131,M
Rachel,Everett,57,181,F
Pamela,Huynh,67,195,F
Frances,Rowland,59,101,F
Nathan,Glover,36,233,M
Douglas,Howe,67,163,M
Heather,Hancock,33,179,F
Evelyn,Dickerson,68,144,F
Jose,Thompson,41,181,M
Alice,Le,46,194,F
Janet,Lynn,64,134,F
Maria,Wang,45,222,F
Zachary,Munoz,24,224,M
Carolyn,Hampton,38,133,F
Debra,Snow,69,226,F
Harold,Glover,32,161,M
Martha,Morrow,30,190,F
Marie,Powell,44,182,F
Arthur,Jacobs,62,209,M
Julie,Bradford,39,158,F
Kyle,Wolf,47,185,M
Diane,Grant,25,113,F
Christina,Sellers,37,100,F
Victoria,Lowery,23,194,F
Joyce,Horn,22,166,F
Carl,Roth,37,207,M
Lauren,Mcdaniel,21,201,F
Grace,Guzman,65,236,F
Kelly,Mcintosh,56,199,F
Albert,Lee,63,168,M
Rose,Andersen,39,100,F
Megan,Hampton,41,100,F
Joan,Mcgee,22,118,F
Jeremy,Sexton,34,181,M
Ann,Murray,26,162,F
Julia,Webster,62,180,F
Kathryn,Doyle,62,245,F
Lawrence,Ward,23,153,M
Olivia,Sullivan,22,112,F
Judith,Krause,63,195,F
Doris,Newman,27,144,F
Jean,Koch,69,237,F
Andrea,Howell,22,112,F
Gerald,Dorsey,40,229,M
Sean,Montoya,44,178,M
Joe,Charles,35,153,M
Keith,Clark,38,114,M
Sara,Anderson,22,162,F
Cheryl,Cain,19,137,F
Hannah,Crane,53,176,F
Mildred,Lyons,34,126,F
Willie,Lyons,63,121,M
Lillian,Farley,54,245,F
Roger,Mendez,60,153,M
Jesse,Padilla,53,118,M
Jacqueline,Nichols,40,216,F
Ethan,Parsons,38,120,M
Terry,Gallegos,45,203,M
Christian,Carter,29,148,M
Harry,Mckay,40,213,M
Teresa,Stanton,21,160,F
Austin,Hinton,26,192,M
Gloria,Prince,59,175,F
Ralph,Schaefer,40,170,M
Janice,Berg,29,242,F
Roy,Hoover,30,101,M
Theresa,Ballard,43,215,F
Amber,Campbell,18,163,F
Danielle,Cooke,34,142,F
Noah,Booth,38,184,M
Bryan,Lam,68,201,M
Jordan,Cooke,63,113,M
Louis,Marshall,46,120,M
Brittany,Barnett,22,217,F
Bruce,Reyes,35,122,M
Madison,Curtis,25,195,F
Judy,Powell,33,153,F
Billy,Levine,65,160,M
Dylan,Cabrera,32,152,M
Denise,Wheeler,61,241,F
Beverly,Vance,33,224,F
Eugene,Mclean,41,108,M
Jane,Shepard,45,105,F
Marilyn,Higgins,37,185,F
Abigail,Cuevas,26,146,F
Diana,Fritz,45,137,F
Charlotte,Long,19,166,F
Natalie,Mann,67,159,F
Tiffany,Mccarty,61,116,F
Wayne,Luna,18,233,M
Russell,Strickland,34,166,M
Alan,Rocha,68,132,M
Crystal,Burch,37,177,F
Sophia,Ingram,36,239,F
Irene,Mccann,52,162,F
Juan,Schneider,69,178,M
Ruby,Schaefer,27,182,F
Gabriel,Mccann,20,118,M
Philip,Sexton,22,217,M
Annie,English,45,146,F
Kayla,Flores,34,101,F
Vincent,Bryant,55,122,M
Lori,Sullivan,62,136,F
Howard,Orr,37,137,M
Alexis,Little,28,238,F
Erin,Kaufman,45,130,F
Fred,Chan,29,171,M
Logan,Mcintyre,21,173,M
Isabella,Wiggins,65,111,F
Tammy,Wright,52,122,F
Louise,Marshall,45,116,F
Florence,Cannon,43,123,F
Randy,Vasquez,67,237,M
Bradley,Patrick,29,167,M
Kathy,Patrick,37,145,F
Lois,Huber,44,162,F
Anne,Holden,43,234,F
Bonnie,Fischer,56,125,F
Victor,Patton,37,179,M
Taylor,Stephens,37,224,F
Travis,Sparks,51,243,M
Phyllis,Griffin,34,188,F
Shawn,Frazier,30,139,M
Phillip,Jacobson,55,111,M
Shannon,Nielsen,28,206,F
Martin,Kent,59,194,M
Johnny,Foster,56,244,M
Craig,Mullen,51,163,M
Allison,Cook,47,230,F
Bobby,Costa,21,193,M
Alyssa,Young,18,231,F
Ella,Norton,60,204,F
Josephine,Miranda,38,136,F
Ernest,Rojas,20,155,M
Stanley,Mcintosh,56,177,M
Cody,Wiley,56,231,M
Clarence,Lang,53,181,M
Tina,Gay,31,235,F
Elijah,Montes,27,188,M
Leonard,Horn,53,223,M
Carlos,Meyer,45,193,M
Dawn,Beck,33,216,F
Robin,Bass,35,207,F
Edna,Tate,40,232,F
Cameron,Mckay,39,131,M
Peggy,Decker,64,151,F
Caleb,Villa,19,131,M
Eleanor,Williamson,55,173,F
Isaac,Schroeder,38,199,M
Todd,Hinton,32,129,M
Jamie,Mays,49,128,F
Earl,Hodges,25,107,M
Francis,Morgan,26,171,M
Jimmy,Hester,47,176,M
Mason,Marks,63,157,M
Danny,Carrillo,52,113,M
Audrey,Phelps,26,224,F
Rita,Cox,50,138,F
Luke,Newton,42,114,M
Dale,Shepherd,50,185,M
Alex,Huber,37,104,M
Paula,Carson,53,231,F
Clara,Moody,37,188,F
Wanda,Hill,52,113,F
Joel,Eaton,60,166,M
Evan,Kline,41,207,M
Norma,Parker,69,155,F
Luis,Rocha,65,230,M
Courtney,Foster,48,189,F
Ethel,Sweeney,35,102,F
Nathaniel,Beltran,66,155,M
Wendy,Wheeler,57,104,F
Ellen,Farley,30,100,F
Leslie,Davenport,55,124,F
Marjorie,Wilkerson,22,196,F
Vanessa,Hickman,46,112,F
Allen,Harper,29,235,M
Valerie,Jacobs,27,107,F
Carrie,Macias,45,184,F
Ava,Daniel,20,179,F
Eva,Whitaker,20,110,F
Frederick,Hoover,55,239,M
Curtis,Walsh,69,129,M
Edith,Miranda,33,238,F
Connie,Andersen,65,174,F
Lucas,Khan,18,243,M
Gladys,Johnston,63,178,F
Cindy,Soto,39,106,F
Tracy,Stanley,43,194,F
Elaine,Deleon,34,179,F
Hazel,Larson,29,185,F
Monica,Blankenship,62,136,F
Norman,Khan,18,107,M
Esther,Raymond,38,139,F
Melanie,Walls,46,101,F
Brianna,Robbins,37,130,F
Antonio,Nunez,46,238,M
Jasmine,Peterson,34,165,F
Chad,Shaffer,24,142,M
Katie,Arellano,60,198,F
Tony,Day,39,224,M
Rodney,Conway,69,174,M
Glenn,Whitney,54,207,M
Marvin,Snyder,23,150,M
April,Bass,32,167,F
Derek,Tapia,51,174,M
Erica,Berry,65,174,F
Ian,Mcbride,26,134,M
Adrian,Odom,56,212,M
Theodore,Ochoa,27,100,M
Alexandra,Berg,49,137,F
Marcus,Werner,33,155,M
Alfred,Sparks,22,203,M
Jackson,Allen,59,248,M
Edwin,Gomez,24,142,M
Melvin,Costa,28,194,M
Sylvia,Nolan,36,210,F
Sheila,Huang,34,153,F
Alicia,Hodges,50,158,F
Steve,Kirby,53,184,M
Leah,Bolton,42,150,F
Hunter,Pruitt,32,129,M
Lee,Cuevas,41,152,M
Jeffery,Barton,43,168,M
Kristen,Summers,65,170,F
Caroline,Love,53,220,F
Mia,Mathews,33,217,F
Sherry,Wilkinson,41,125,F
Angel,Knapp,62,247,M
Jesus,Kirby,29,245,M
Dustin,Miranda,61,130,M
Herbert,Wiley,33,202,M
Pauline,Black,67,190,F
Michele,Dudley,43,193,F
Veronica,Holden,19,143,F
Ricky,Boyle,69,197,M
Liam,Scott,69,198,M
Wesley,Middleton,49,139,M
Thelma,Holder,37,178,F
Suzanne,Morrison,27,147,F
Lucille,Maddox,19,207,F
Morgan,Dixon,55,123,F
Joanne,Short,43,168,F
Troy,Daniels,54,207,M
Chloe,Walls,42,159,F
Anita,Patel,39,101,F
Connor,Graham,27,130,M
Isaiah,Poole,62,102,M
Julian,Baldwin,60,102,M
Jared,Yoder,67,147,M
Holly,Patterson,38,184,F
Lorraine,Preston,32,209,F
Jayden,Allen,34,151,M
Jill,Sampson,47,207,F
Geraldine,Rosario,37,164,F
Rhonda,Sloan,47,118,F
Dolores,Webster,30,156,F
Eddie,Middleton,18,195,M
Vivian,Bailey,61,118,F
Darlene,Jefferson,49,109,F
Aiden,Mcintosh,59,164,M
Calvin,Castillo,29,203,M
Shane,Watts,62,180,M
Leo,Harris,20,203,M
Juanita,Phelps,50,157,F
Sally,Erickson,64,136,F
Lucy,Yates,60,145,F
Bertha,Roberson,20,247,F
Gail,Clayton,48,178,F
Oscar,Forbes,67,181,M
Mike,Parks,37,109,M
Randall,Horton,41,130,M
Ray,Branch,55,154,M
Bernard,Perez,22,218,M
Jeremiah,Prince,62,237,M
Dana,Eaton,39,188,F
Brooke,Beltran,37,160,F
Leroy,Cuevas,38,183,M
Amelia,Bryan,26,218,F
Corey,Mcdaniel,61,115,M
June,Cantrell,29,178,F
Owen,Patterson,39,204,M
Claire,Gordon,35,173,F
Jay,Pierce,38,114,M
Kristin,Hull,65,130,F
Beatrice,Rubio,36,166,F
Clifford,Macias,44,147,M
Marion,Luna,62,209,F
Renee,Arroyo,69,240,F
Tara,Hendrix,64,158,F
Madeline,Valentine,58,185,F
Barry,Randall,43,188,M
Debbie,Henson,20,222,F
Eileen,Wilkinson,33,244,F
Manuel,Leblanc,41,243,M
Ida,Fields,47,142,F
Lynn,Mccarthy,60,143,F
Blake,Munoz,42,153,M
Dean,Padilla,62,117,M
Kim,Harding,20,209,F
Bernice,Leonard,46,190,F
Ronnie,Callahan,61,231,M
Warren,Rose,29,157,M
Gavin,Curtis,35,222,M
Miguel,Pace,20,237,M
Cassandra,Torres,35,242,F
Regina,Strong,28,173,F
Elsie,Park,46,209,F
Jo,Wells,35,124,F
Tommy,Bowman,65,223,M
Trevor,Mathews,27,233,M
Stella,Conrad,37,187,F
Gertrude,Leblanc,46,106,F
Loretta,Gardner,26,114,F
Rosa,Nichols,63,194,F
Sydney,Hatfield,28,162,F
Oliver,Vance,21,103,M
Chelsea,Archer,47,241,F
Roberta,Rich,22,159,F
Savannah,Barrett,28,165,F
Lindsey,Conley,41,172,F
Brett,Fitzpatrick,43,190,M
Colleen,Grimes,59,187,F
Gordon,Jimenez,36,120,M
Mitchell,Ramirez,54,143,M
Charlie,Welch,63,193,M
Dominic,Travis,49,116,M
Jessie,Marshall,35,220,F
Annette,Peters,59,200,F
Molly,Vincent,39,131,F
Cathy,Sims,29,100,F
Stacy,Waller,48,115,F
Laurie,Pope,68,225,F
Lydia,French,30,233,F
Jon,Christian,62,244,M
Chase,Rhodes,64,100,M
Leon,Butler,42,232,M
Bessie,Glass,45,178,F
Seth,Rivers,43,220,M
Kaitlyn,Delacruz,47,117,F
Don,Krause,53,213,M
Naomi,Strong,24,203,F
Jeanette,Goodman,18,152,F
Hailey,Mccarty,22,205,F
Jeanne,Kelley,49,210,F
Darrell,Harrington,57,107,M
Lloyd,Parker,65,217,M
Carter,Carlson,26,103,M
Jerome,Gilbert,22,160,M
Erik,Mendoza,20,241,M
Alvin,Walsh,56,244,M
Beth,Huber,43,128,F
Jenna,Holloway,27,161,F
Yvonne,Morse,50,221,F
Rosemary,Ramirez,60,183,F
Landon,Strong,60,158,M
Bill,Young,21,186,M
Haley,Duke,69,117,F
Alma,Ingram,39,223,F
Wyatt,Giles,44,101,M
Micheal,Mata,38,202,M
Agnes,Ryan,41,139,F
Gina,Rivera,22,168,F
Minnie,Bolton,39,227,F
Sebastian,Hubbard,40,197,M
Devin,Knapp,42,143,M
Georgia,Fitzpatrick,58,147,F
Stacey,Jimenez,52,209,F
Pearl,Pittman,33,170,F
Vicki,Simmons,25,215,F
Joann,Pham,59,139,F
Max,Keith,60,222,M
Kelsey,Harmon,49,189,F
Lillie,Meza,54,238,F
Levi,Schultz,26,129,M
Lily,Bright,67,200,F
Floyd,Parker,24,214,M
Carla,Christensen,38,136,F
Edgar,Medina,55,122,M
Lewis,Mathis,21,162,M
Jim,Rosario,36,225,M
Nora,Simpson,58,124,F
Maureen,Ray,63,147,F
Brent,Rosario,34,231,M
Heidi,Norris,35,131,F
Derrick,Simpson,38,187,M
Mario,Hall,41,232,M
Nellie,Kirk,37,241,F
Lindsay,Montgomery,34,199,F
Kristina,Blackburn,59,193,F
Shelby,Crosby,24,242,F
Terri,Davidson,62,225,F
Destiny,Fuentes,61,136,F
Vernon,Crane,61,137,M
Paige,Landry,55,139,F
Chris,Roach,30,155,M
Marc,York,54,158,M
Violet,Bond,69,139,F
Willie,Pugh,34,232,F
Arlene,Cain,36,226,F
Sue,Garcia,38,162,F
Cole,Townsend,21,184,M
Daisy,Ho,66,117,F
Sabrina,Sutton,31,113,F
Ricardo,Heath,28,180,M
Carmen,Roach,19,176,F
Clyde,Johnson,26,127,M
Marian,Gardner,68,124,F
Vera,Hubbard,27,210,F
Constance,Steele,54,228,F
Deanna,Stark,41,104,F
Wilma,Cervantes,55,236,F
Colin,Becker,33,232,M
Melinda,Stevens,18,172,F
Tom,Hughes,27,151,M
Lena,Barajas,61,121,F
Tamara,Bowman,51,199,F
Joy,Lozano,35,216,F
Faith,Hull,34,236,F
Clayton,Mayo,45,227,M
Maurice,Fields,62,200,M
Gabrielle,Crane,62,152,F
Cory,Cortez,37,168,M
Franklin,Mathis,48,129,M
Ivan,Sanford,41,143,M
Xavier,Gentry,18,120,M
Charlene,Nelson,29,213,F
Katelyn,Hurst,42,169,F
Francisco,Wang,62,249,M
Sofia,Paul,44,130,F
Garrett,Jacobson,61,182,M
Myrtle,Juarez,25,169,F
Cora,Terrell,39,138,F
Jordan,Lester,24,184,F
Alejandro,Prince,26,241,M
Herman,Thompson,60,201,M
Mabel,Todd,50,239,F
Jorge,Hunter,69,114,M
Marcia,Quinn,36,219,F
Grant,Pope,39,133,M
Marlene,Holloway,64,133,F
Erika,Bates,62,127,F
Zoe,Osborn,53,107,F
Mackenzie,Escobar,58,167,F
Glen,Poole,54,140,M
Viola,Golden,55,146,F
Gilbert,Rowe,22,136,M
Jake,Mayer,59,224,M
Mattie,Snyder,50,230,F
Nina,Anthony,49,238,F
Claudia,Olson,54,221,F
Lester,Craig,43,241,M
Kaylee,Mcfarland,21,109,F
Avery,Sanchez,67,187,F
Elmer,Mcbride,23,118,M
Tanya,Yu,27,167,F
Andre,Shea,63,141,M
Alexa,Leon,64,249,F
Jennie,Butler,58,191,F
Autumn,Sweeney,58,235,F
Sadie,Austin,37,200,F
Gene,Campos,53,117,M
Sam,Adkins,50,158,M
Marissa,Ferrell,18,130,F
Colton,Barr,58,224,M
Spencer,Dodson,50,124,M
Eli,Rasmussen,61,176,M
Alison,Hammond,46,237,F
Caitlin,Glass,21,176,F
Harvey,Holmes,30,177,M
Tonya,Roy,23,157,F
Priscilla,Carr,28,111,F
Addison,Stanley,68,185,F
Isabel,Roth,31,128,F
Angelina,Wong,48,101,F
Brayden,Kramer,62,193,M
Sophie,Fitzpatrick,65,123,F
Chester,Levy,23,203,M
Jeff,Macdonald,63,189,M
Gwendolyn,Craig,19,227,F
Casey,Logan,19,236,M
Bryce,Baldwin,33,135,M
Patsy,Farmer,69,236,F
Tristan,Mason,57,247,M
Gabriella,Miles,57,240,F
Taylor,Palmer,43,156,M
Leslie,Fowler,38,203,M
Maggie,Wall,62,108,F
Miranda,Blevins,21,120,F
Darren,Barton,33,166,M
Delores,Campos,68,239,F
Milton,Bates,40,120,M
Duane,Hardy,38,183,M
Preston,Adams,64,113,M
Kylie,Davenport,50,248,F
Reginald,Lopez,51,240,M
Genevieve,Conner,44,153,F
Ruben,Garner,19,206,M
Aidan,Gomez,29,105,M
Brandy,Wise,32,117,F
Yolanda,Nicholson,64,123,F
Maxine,Gonzalez,40,194,F
Aubrey,Haas,42,158,F
Jessie,Fischer,35,229,M
Roberto,Cabrera,20,144,M
Carole,Hawkins,43,219,F
Jimmie,Henson,23,166,M
Joanna,Mcintosh,31,100,F
Neil,Russo,25,181,M
Miriam,Colon,50,246,F
Natasha,Branch,27,107,F
Carson,Trevino,54,124,M
Katrina,Sandoval,34,182,F
Leona,Flynn,55,228,F
Glenda,Colon,19,106,F
Lance,Banks,37,152,M
Mae,Stout,37,122,F
Mariah,Dodson,54,110,F
Vickie,French,29,108,F
Brandi,Nicholson,26,127,F
Whitney,Harmon,25,136,F
Jocelyn,Fox,40,121,F
Josiah,Hensley,43,127,M
Everett,Stewart,59,217,M
Riley,Harrell,57,175,F
Diego,Crosby,42,187,M
Parker,Potts,36,200,M
Cecil,Griffin,45,158,M
Kara,Rocha,45,228,F
Dan,Marshall,38,104,M
Meghan,Hutchinson,58,236,F
Dora,Mayer,46,126,F
Brooklyn,Wolfe,53,215,F
Margie,Morales,21,129,F
Allan,Kemp,60,133,M
Bethany,Berger,36,112,F
Eduardo,Camacho,39,166,M
Ana,Henderson,28,150,F
Hector,Wall,65,226,M
Arnold,Lynch,45,180,M
Marsha,Miller,67,150,F
Karl,French,47,132,M
Nolan,Simpson,20,154,M
Makayla,Blankenship,65,208,F
Hayden,Cobb,59,120,M
Toni,Norman,61,131,F
Riley,Rogers,31,196,M
Christy,Matthews,33,158,F
Clinton,West,51,193,M
Billie,Meyers,64,236,F
Johnnie,Garner,64,210,M
Dianne,Wiggins,39,199,F
Ariana,House,40,146,F
Kendra,Woods,52,144,F
Alexandria,Hogan,50,162,F
Sierra,Reed,54,190,F
Bailey,Conway,60,127,F
Javier,Willis,53,245,M
Penny,Hodge,25,171,F
Maya,Schroeder,30,153,F
Melody,Sosa,24,151,F
Angel,Levine,38,135,F
Roland,George,48,198,M
Omar,Munoz,60,177,M
Hattie,Stokes,63,195,F
Johnathan,Bullock,56,121,M
Kay,Wolfe,21,175,F
Cecilia,Faulkner,65,208,F
Fernando,Adkins,69,116,M
Terry,Chandler,57,106,F
Darryl,Odom,40,226,M
Brendan,Howell,69,202,M
Felicia,Lawrence,67,189,F
Maxwell,Hatfield,34,211,M
Jenny,Benson,64,213,F
Micah,Grant,48,189,M
Isabelle,Frey,40,115,F
Ada,Madden,39,201,F
Briana,Craig,39,222,F
Tanner,Mclaughlin,38,167,M
Marguerite,Gregory,35,235,F
Jamie,Villa,33,104,M
Lonnie,Holt,25,147,M
Angelica,Robles,62,183,F
Marshall,Richards,26,173,M
Bridget,Madden,69,215,F
Tracey,Choi,44,231,F
Bob,Short,23,126,M
Abraham,Coffey,35,139,M
Arianna,Fox,24,144,F
Madelyn,Mccoy,56,191,F
Adriana,Hale,21,197,F
Andy,Lloyd,63,110,M
Brady,Little,54,216,M
Guy,Orozco,20,122,M
Nicolas,Lang,47,210,M
Jackie,Hatfield,40,178,F
Candace,Oconnor,52,152,F
Hope,Nixon,62,104,F
Karla,Farmer,22,132,F
Claude,Gilmore,19,222,M
Pedro,Farrell,57,193,M
Jillian,Landry,44,122,F
Brittney,Burnett,26,215,F
Rachael,Khan,67,248,F
Damian,Burgess,42,225,M
Lola,Baxter,65,232,F
Ross,Mcdowell,55,109,M
Kate,Mccann,53,139,F
Layla,Carter,32,158,F
Jade,Bright,58,168,F
Harriet,Page,18,196,F
Bobbie,Durham,60,146,F
Misty,Moran,19,147,F
Cooper,Gallagher,22,140,M
Kurt,Phelps,54,127,M
Kristine,Cruz,69,243,F
Aaliyah,Willis,60,193,F
Geneva,Morton,45,110,F
Desiree,Marquez,59,120,F
Dakota,Terry,20,246,M
Shelly,Spence,18,106,F
Becky,Gomez,57,127,F
Jacquelyn,Velez,26,236,F
Kelly,Tate,49,218,M
Blanche,Bowen,69,167,F
Velma,Stout,64,163,F
Krystal,Turner,39,180,F
Raul,Proctor,36,229,M
Brad,Chandler,52,213,M
Ben,Shepard,38,168,M
Sherri,Rhodes,67,200,F
Andres,Carroll,40,172,M
Susie,Bell,46,136,F
Fannie,Bailey,26,144,F
Sidney,Baker,34,237,M
Zoey,Lambert,39,189,F
Miles,Harper,50,147,M
Breanna,Simpson,49,224,F
Monique,Savage,57,125,F
Hugh,Cannon,39,209,M
Lula,Calderon,38,236,F
Iris,Herman,43,143,F
Mathew,Duncan,60,106,M
Byron,Hancock,45,212,M
Jodi,Larsen,36,143,F
Casey,Barron,48,152,F
Tim,Mclean,57,126,M
Elias,Lambert,31,217,M
Rick,Abbott,18,145,M
Wallace,Schroeder,63,115,M
Harper,Lang,29,119,F
Summer,Murray,28,170,F
Grayson,Stewart,38,170,M
Dalton,Curtis,67,124,M
Lynda,Lee,24,243,F
Harrison,Mckay,66,119,M
Krista,Payne,60,118,F
Hilda,Aguilar,61,125,F
Tyrone,Frost,40,201,M
Jaxon,Romero,42,149,M
Rafael,Mcbride,20,149,M
Gabriela,Logan,49,195,F
Nevaeh,Lucero,38,227,F
Sheryl,Figueroa,41,186,F
Drew,Kline,28,221,M
Kristi,Bond,47,184,F
Rosie,Pugh,24,132,F
Elena,Greer,37,232,F
Angelo,Tran,25,241,M
Eunice,Parsons,47,106,F
Shelley,Neal,42,230,F
Nelson,Stevenson,52,212,M
Antoinette,Baxter,56,175,F
Dwayne,Carr,64,246,M
Dwight,Duran,40,184,M
Kelli,Arroyo,31,202,F
Julius,Delgado,27,126,M
Jackie,Gordon,50,157,M
Trinity,Cordova,65,198,F
Shaun,Spencer,54,126,M
Meredith,Cuevas,51,139,F
Kaleb,Rubio,56,136,M
Sergio,Ramos,39,113,M
Collin,Schmidt,68,141,M
Rebekah,Duran,35,244,F
Greg,Gay,44,157,M
Emmanuel,Bullock,55,150,M
Mamie,Waters,18,178,F
Willard,Novak,27,244,M
Ramon,Shaffer,46,157,M
Perry,Carey,25,113,M
Bianca,Jennings,37,176,F
Kristy,Lawrence,22,122,F
Candice,Chase,61,174,F
Jaden,Ramos,21,204,M
Belinda,Flynn,51,198,F
Gracie,Shaffer,36,121,F
Devon,Kelly,46,153,M
Ted,Carr,48,240,M
Terrence,Tran,21,156,M
Janie,Bullock,35,173,F
Stuart,Carlson,32,186,M
Armando,Mcfarland,39,189,M
Rosalie,Marks,23,177,F
Marco,Fletcher,41,244,M
Cesar,Sellers,65,191,M
Ayden,Snyder,40,205,M
Ashton,Huffman,55,129,M
Irma,Davis,61,153,F
Peyton,Marshall,21,175,F
Wade,Garrison,46,200,M
Terrance,Abbott,38,101,M
Erick,Stafford,61,223,M
Freddie,Vargas,18,237,M
Beulah,Fleming,52,132,F
Felix,Snyder,57,127,M
Kennedy,Coleman,41,189,F
Marion,Rogers,66,128,M
Ariel,Stanley,65,131,F
Brody,Sparks,33,162,M
Virgil,Gilbert,54,186,M
Adrienne,Andrade,68,140,F
Roman,Chapman,32,199,M
Morris,Parrish,22,120,M
Robyn,Petty,19,151,F
Clifton,Brock,39,210,M
Kent,Collins,69,238,M
Jonathon,Keller,22,173,M
Jaime,Curry,52,110,M
Kirk,Rangel,59,187,M
Sandy,Brock,30,138,F
Jeannette,Rich,24,242,F
Alberta,Levy,31,158,F
Elise,Stuart,23,193,F
Verna,Meadows,50,200,F
Giovanni,Olson,59,134,M
Camila,Cardenas,40,225,F
Simon,Medina,20,196,M
Carly,Farrell,44,144,F
Faye,Jenkins,43,161,F
Sonia,Schroeder,25,247,F
Camille,Shea,68,107,F
Opal,Davidson,51,134,F
Nichole,Page,59,173,F
Ramona,Garrett,33,191,F
Cheyenne,Farley,48,126,F
Scarlett,Chavez,32,219,F
Flora,Archer,67,211,F
Sonya,Haynes,65,157,F
Jace,Blevins,34,171,M
Della,Norman,63,155,F
Leonardo,Graves,20,228,M
Penelope,Chavez,20,167,F
Lorenzo,Saunders,44,173,M
Genesis,Hoffman,42,180,F
Jonah,Mccarthy,36,130,M
Daryl,Valenzuela,32,211,M
Lila,Woodward,66,183,F
Kristopher,Rivas,51,156,M
Natalia,Ramos,21,246,F
Malcolm,Rush,23,137,M
Gianna,Estrada,66,109,F
Inez,York,30,204,F
Skylar,Petersen,22,154,F
Valeria,May,69,187,F
Marianne,Rocha,28,202,F
Damon,Colon,38,112,M
Lincoln,Patton,53,178,M
Luther,Burns,26,178,M
Ellie,Fisher,22,114,F
Guadalupe,Shaw,64,243,F
Fredrick,Ortiz,58,232,M
Jada,Cochran,31,203,F
Yvette,Leonard,67,211,F
Dillon,Sharp,36,229,M
Dallas,Trujillo,33,171,M
Alexis,Pruitt,36,168,M
Marcella,Stanton,67,107,F
Geoffrey,Little,59,184,M
Dave,Davis,29,127,M
Hudson,Lyons,45,176,M
Dominick,Turner,22,247,M
Bryson,Carson,68,149,M
Angie,Rivas,58,217,F
Lynne,Case,28,126,F
Lee,Blanchard,48,121,F
Kari,Browning,32,140,F
Bella,Davies,64,180,F
Cristian,Booker,48,137,M
Maryann,Hendrix,57,174,F
Gayle,Holder,35,173,F
Tabitha,Davies,59,198,F
Sheri,Cain,46,111,F
Patty,Fox,27,245,F
Olga,Reilly,54,227,F
Rickey,Munoz,31,237,M
Israel,Henry,65,178,M
Alisha,Doyle,53,200,F
Alberto,Vincent,54,227,M
Santiago,Gregory,19,100,M
Tracy,Roberson,62,214,M
Julio,Mays,19,187,M
Kaden,Hall,69,183,M
Abby,Olsen,37,118,F
Alana,Leon,36,219,F
Daniela,Chavez,62,207,F
Kaitlin,Gould,27,119,F
Myra,Ibarra,50,236,F
Roxanne,Mejia,35,126,F
Caden,Valentine,24,239,M
Damien,Osborne,26,202,M
Annabelle,Glover,33,170,F
Karina,Michael,55,116,F
Donnie,Prince,57,129,M
Kendall,Chapman,62,109,F
Homer,Barron,29,108,M
Lyle,Hicks,30,100,M
Mallory,Boyd,48,105,F
Callie,Richmond,43,130,F
Juliana,Schroeder,63,120,F
Josie,Blevins,25,211,F
Celeste,Welch,40,235,F
Mckenzie,Petty,20,185,F
Adeline,Rasmussen,35,139,F
Cassidy,Riggs,57,117,F
Gerard,Evans,55,167,M
Aurora,Whitaker,55,186,F
Rex,Chapman,41,234,M
Enrique,Jennings,31,213,M
Otis,Barajas,31,203,M
Lilly,Hatfield,31,140,F
Gage,Duarte,24,152,M
Jody,Blevins,58,241,F
Earnest,Pollard,44,227,M
Donovan,Owen,62,125,M
Janelle,Knox,20,141,F
Serenity,Mccall,57,240,F
Trenton,Ramos,68,161,M
Aimee,Wise,30,118,F
Kirsten,Hunter,59,182,F
Asher,Meyers,53,198,M
Hubert,Jennings,23,143,M
Dianna,Lindsey,46,157,F
Avery,Palmer,48,143,M
Cecelia,Kelley,24,183,F
Dominique,Rush,19,163,F
Mya,Delgado,52,106,F
Emmett,Riley,28,227,M
Olive,Petersen,61,176,F
Wilbur,Parsons,37,109,M
Lacey,Zamora,67,102,F
Liliana,Maxwell,64,204,F
Mateo,Cobb,36,100,M
Salvatore,Mcgrath,62,190,M
Cara,Davila,62,161,F
Muriel,Petersen,54,182,F
Alfredo,Silva,26,198,M
Neal,Lowery,42,174,M
Mikayla,Duke,52,173,F
Eliza,Harmon,69,170,F
Hayley,Joseph,33,203,F
Nadine,Hardy,24,180,F
Bernadette,Fisher,48,239,F
Celia,Glover,21,232,F
Arturo,Wade,25,229,M
Cristina,Pacheco,68,178,F
Jan,Ramsey,36,197,F
Jordyn,Mays,51,155,F
Lana,Vaughan,36,214,F
Erma,Casey,25,203,F
Dana,Ortega,18,142,M
Jaclyn,Foster,32,183,F
Vicky,Ritter,67,109,F
Caitlyn,Nelson,61,185,F
Alec,Sellers,50,185,M
Gretchen,Calderon,55,150,F
Leland,Chen,46,174,M
Johanna,Griffith,60,122,F
Horace,Wilson,20,127,M
Shannon,Anthony,43,172,M
Jaime,Oneal,24,167,F
Colby,Melendez,62,243,M
Joey,Ryan,65,154,M
Abel,Peterson,36,163,M
Traci,Hinton,69,241,F
Kellie,Arias,37,175,F
Estelle,Oneal,45,162,F
Kerry,Burns,21,119,F
Ira,Maddox,43,133,M
Conner,Doyle,67,145,M
Payton,Miranda,33,131,F
Wendell,Ferrell,35,216,M
Ezra,Blackwell,21,155,M
Trent,Costa,23,184,M
Eloise,Russell,41,202,F
Rudolph,Collier,32,216,M
Aria,Villegas,44,217,F
Ivy,Patterson,23,146,F
Graham,Davis,21,208,M
Allyson,Fuentes,58,155,F
Darius,Hines,26,125,M
Michaela,Krause,46,149,F
Gerardo,Merritt,41,238,M
Lora,Frost,18,178,F
Mable,Alvarez,69,236,F
Kerry,Daugherty,53,189,M
Selena,Mills,33,113,F
Kelvin,Garrison,34,203,M
Bennie,Chavez,69,181,M
Garry,Duncan,34,137,M
Lynn,Hebert,38,221,M
Rylee,Sullivan,49,180,F
Willis,Villegas,56,159,M
Kenny,Huffman,36,206,M
Reagan,Ashley,55,222,F
Tessa,Chung,25,162,F
Easton,Phelps,21,180,M
Kayden,Mejia,64,207,M
Edmund,Brock,36,235,M
Rosemarie,Hoover,63,164,F
Archie,Baker,27,194,M
Bryant,Carr,57,196,M
Marisa,Castro,53,203,F
Latoya,Gross,29,137,F
Rene,Hanna,42,152,M
Emanuel,Newman,49,154,M
Alejandra,James,50,135,F
Raquel,Randall,69,181,F
Tyson,Waters,28,120,M
Randolph,Bullock,41,198,M
Henrietta,Duncan,40,157,F
Corinne,Chan,36,225,F
Marcos,Perkins,48,240,M
Doreen,Arnold,64,216,F
Nick,Vasquez,28,225,M
Kiara,Walton,57,120,F
Josue,Robertson,27,153,M
Roderick,Rivera,26,124,M
Robin,Dougherty,56,201,M
Janis,Barton,54,110,F
Sallie,Spence,23,130,F
Shawna,Schultz,62,212,F
May,Callahan,62,128,F
Chance,Schultz,32,199,M
Cassie,Salas,40,242,F
Forrest,Peters,67,163,M
Nettie,Bean,18,123,F
Braxton,Parks,51,246,M
Carlton,Best,38,127,M
Rudy,Randolph,60,226,M
Allie,Salinas,24,208,F
Noel,Williams,60,184,M
Betsy,Macias,42,242,F
Malachi,Hood,34,157,M
Christie,Mendez,66,228,F
Johnnie,Gonzales,52,223,F
Zane,Madden,68,118,M
Orlando,Hood,50,171,M
Peyton,Koch,41,244,M
Rochelle,Frazier,18,241,F
Silas,Richmond,68,172,M
Ashlee,Huynh,33,117,F
Elisabeth,Combs,18,150,F
Elliott,Herrera,26,191,M
Kylee,Gentry,53,141,F
Salvador,Baker,57,218,M
Shelia,Macias,66,249,F
Ryder,Marshall,29,173,M
Kelley,Mendoza,18,138,F
Weston,Houston,32,121,M
Leila,Stein,66,147,F
Grady,Bright,30,217,M
Mollie,Terry,43,245,F
Lynette,Glenn,30,205,F
Benny,Atkinson,69,245,M
Laurel,Middleton,56,223,F
Wilson,Hays,26,166,M
Meagan,Salinas,62,164,F
Ty,Blackwell,50,151,M
Delbert,Briggs,42,117,M
Eula,Weaver,53,159,F
Alton,Frye,40,241,M
Piper,Campos,37,177,F
Anastasia,Stephens,46,122,F
Jana,Wilcox,53,184,F
Loren,Mullen,31,249,M
Jaxson,Haynes,66,187,M
Braden,Tanner,50,151,M
Ginger,Love,68,145,F
Esmeralda,Buckley,65,168,F
Paulette,Kaiser,38,116,F
Julianna,Nguyen,57,119,F
Clark,Cross,38,204,M
Jasmin,Bean,45,107,F
Ashlyn,Harrison,42,102,F
Mona,Stuart,48,103,F
Lottie,Leon,41,165,F
Mercedes,Bird,27,175,F
Adrianna,Arellano,45,127,F
Ezekiel,Crawford,67,145,M
Morgan,Glass,59,246,M
August,Parsons,38,208,M
Pablo,Hopkins,33,211,M
Mandy,Zamora,24,222,F
Sawyer,Hebert,31,233,M
Dante,Charles,69,150,M
Maude,Briggs,30,247,F
Lorena,Smith,28,248,F
Will,Goodwin,52,122,M
Myron,Harper,58,164,M
Lucia,Andersen,42,179,F
Teri,Velazquez,45,106,F
Bentley,Horton,35,215,M
Patti,Banks,41,111,F
Serena,Galvan,44,155,F
Jasper,Hart,63,198,M
Nadia,Mueller,18,101,F
Camden,Knox,63,128,M
Elisa,Rose,37,149,F
Alexia,Osborn,39,110,F
Elliot,Ellison,68,234,M
Giselle,Bentley,34,215,F
Brock,Howard,66,104,M
Malik,Anderson,29,231,M
Mindy,Gordon,25,239,F
Addie,Keith,31,249,F
Myles,Hardy,64,229,M
Ernestine,Avila,26,112,F
Ernesto,Savage,69,227,M
Carolina,Stout,43,193,F
Irving,Cline,68,197,M
Effie,Garner,67,183,F
Katharine,Contreras,48,215,F
Winifred,Durham,25,154,F
Leticia,Lindsey,53,211,F
Mila,Yu,34,247,F
Pete,Curtis,40,239,M
Dixie,Reeves,64,120,F
Kimberley,Nolan,42,180,F
Trisha,Mcgee,24,101,F
Kai,Schwartz,30,172,M
Kyla,Li,68,178,F
Nikki,Skinner,69,110,F
Sammy,Lambert,47,245,M
Sylvester,Harvey,23,208,M
Madeleine,Johns,29,154,F
Ebony,Phillips,35,249,F
Jermaine,Butler,19,238,M
Laverne,Evans,37,163,F
Darla,Mcgee,59,131,F
Ellis,Winters,31,207,M
Freda,Higgins,54,199,F
Bennett,Gardner,18,218,M
Quentin,Juarez,42,164,M
Tricia,Pineda,62,129,F
Lela,Lang,50,215,F
Shari,Hahn,34,204,F
Alonzo,Carpenter,63,161,M
Cedric,Rowe,63,106,M
Axel,Thornton,64,243,M
Jazmin,Barnes,44,214,F
Justine,Kline,43,107,F
Tucker,Haley,56,180,M
Leigh,Christian,31,174,F
Alaina,Roach,20,189,F
Griffin,Morgan,47,185,M
Frankie,Flores,29,120,M
Etta,Peters,68,242,F
Lowell,Cochran,63,209,M
Sonja,Vincent,19,137,F
Adele,Patrick,31,237,F
Emilio,Moore,39,151,M
Ollie,Gibson,35,170,F
Stacie,Avery,18,136,F
Laurence,Moss,18,206,M
Stefanie,Beltran,38,249,F
Junior,Bruce,58,236,M
Raven,Jarvis,55,191,F
Alfonso,Mendez,46,237,M
Delilah,Mcneil,58,248,F
Harley,Aguirre,49,212,M
Aubree,Rich,64,170,F
Makenzie,Kennedy,49,131,F
Nickolas,Krueger,55,169,M
Kristie,Goodwin,35,198,F
Skyler,Webb,43,164,M
Jewel,Krueger,36,183,F
Saul,Delacruz,64,164,M
Fabian,Knox,58,236,M
Clarissa,Randall,67,158,F
Margarita,Shea,66,179,F
Beau,Norman,54,137,M
Pat,Hardy,20,194,F
Wilbert,Berry,24,240,M
Jayla,Mcclain,33,128,F
Alissa,Downs,19,238,F
Kerri,Rios,49,218,F
Yesenia,Estrada,18,102,F
Moses,Curry,41,171,M
Aliyah,Spears,31,189,F
Hanna,Payne,27,215,F
Eliana,Cameron,21,233,F
Estella,Gamble,29,171,F
Irvin,Kramer,47,106,M
Lorene,Sexton,48,124,F
Sherman,Wiggins,23,177,M
Essie,Curtis,42,106,F
Dawson,Schneider,46,182,M
Khloe,Burch,42,189,F
Rena,Finley,40,178,F
Marla,Douglas,52,235,F
Trey,Hatfield,68,165,M
Tasha,Cunningham,36,210,F
Marina,Briggs,35,228,F
Sheldon,Gallagher,34,133,M
Tami,Best,57,242,F
Ora,Chapman,26,246,F
Bonita,Hammond,63,127,F
Lane,Barajas,67,137,M
Mack,Li,58,187,M
Lizzie,Choi,37,134,F
Woodrow,Fuentes,22,124,M
Sasha,Brady,49,104,F
Ervin,Gibbs,34,190,M
Alondra,Singh,57,196,F
Jude,Winters,44,203,M
Kaiden,Day,50,182,M
Lucinda,Huber,51,186,F
Bettie,Thornton,55,141,F
Declan,Harrison,51,186,M
Paisley,Herring,48,110,F
Gustavo,Mcgee,57,232,M
Clay,Woodard,41,225,M
Mckenna,Shaffer,25,182,F
Kira,Schneider,29,182,F
Daphne,George,47,156,F
Terence,Griffin,44,105,M
Lesley,Estrada,58,143,F
Roosevelt,Carroll,28,157,M
Iva,Vaughn,51,162,F
Mariana,Evans,30,244,F
Britney,Powers,19,140,F
Delaney,Spears,60,240,F
Valentina,Whitaker,61,210,F
Emilia,Daniels,21,219,F
Terrell,Cabrera,38,146,M
Helena,Patel,22,189,F
Desmond,Hurley,55,109,M
Kyra,Potts,38,112,F
Cheri,Mcconnell,60,235,F
Ismael,Thompson,44,203,M
Rachelle,Bennett,38,226,F
Gregg,Griffith,31,248,M
Leanne,Best,28,155,F
Fern,Maynard,50,208,F
Tori,Mason,18,198,F
Janine,Hicks,26,139,F
Delia,Gamble,58,158,F
Jeannie,Sanders,27,171,F
Charity,Benson,23,193,F
Jalen,Russo,51,170,M
London,Avila,61,121,F
Jazmine,Roy,21,166,F
Ron,Booker,34,183,M
Cornelius,Mclean,59,179,M
Keegan,Shah,48,234,M
Corbin,Todd,22,151,M
Kim,Frost,23,213,M
Francine,Medina,62,192,F
Conrad,Hays,61,119,M
Laila,Massey,36,155,F
Ashleigh,Spears,39,235,F
Jameson,Conway,25,220,M
Angeline,Ritter,33,205,F
Goldie,Dickerson,56,110,F
Rufus,Boone,19,126,M
Tammie,Jarvis,25,210,F
Lukas,Friedman,58,237,M
Therese,Bird,67,152,F
Sherrie,Stone,33,148,F
Tia,Collier,56,115,F
Demetrius,Yoder,21,176,M
Noelle,Mcconnell,52,197,F
Eden,Everett,69,124,F
Aileen,Livingston,57,164,F
Ciara,Walters,30,101,F
Christa,Casey,48,188,F
Greyson,Gaines,62,110,M
Athena,Daniel,47,184,F
Carroll,Baker,47,112,M
Reba,Shelton,48,180,F
Reid,Cohen,43,111,M
Patrice,Hughes,66,126,F
Lenora,Murray,20,179,F
Toby,Reyes,66,156,M
Alisa,Green,67,241,F
Kendall,Gallagher,49,174,M
Dexter,Sampson,66,159,M
Tatiana,Frederick,32,162,F
Orville,Hodge,61,210,M
Phoebe,Abbott,68,194,F
Mayra,Lucas,54,249,F
Bette,Garza,39,199,F
Ronda,Ferrell,68,132,F
Melba,Hurley,32,193,F
Dane,Berry,44,199,M
Deloris,Zhang,53,229,F
Quinn,Mclaughlin,39,244,M
Kasey,Ayers,41,174,F
Lucile,Esparza,34,149,F
Tommie,Cochran,61,140,M
Brielle,Abbott,61,235,F
Drake,Lloyd,51,196,M
Dakota,Hardy,38,184,F
Trina,Yoder,52,124,F
Luna,Davis,33,207,F
Dewey,Frye,54,193,M
Keri,Krueger,29,191,F
Chelsey,Schwartz,69,240,F
Jayson,Holland,27,103,M
Amos,Yoder,56,162,M
Dorothea,Fleming,53,212,F
Jolene,Edwards,21,126,F
Clint,Cross,34,208,M
Lamar,Mathis,26,125,M
Frankie,Avery,46,229,F
Cayden,Spence,52,189,M
Hugo,Ortiz,36,103,M
Ina,Sullivan,29,147,F
Darin,Wilcox,46,204,M
Chandler,Kane,39,100,M
Rodolfo,Diaz,68,232,M
Shawn,Willis,52,215,F
Antonia,Wyatt,33,190,F
Solomon,Spence,62,168,M
Marisol,Peterson,46,135,F
Bert,Ochoa,66,106,M
Lou,Warner,41,137,F
Stewart,Mckay,18,117,M
Kassandra,Townsend,23,239,F
Matilda,Schultz,50,133,F
Tracie,Moody,57,215,F
Jaylen,Hayes,23,182,M
Elbert,Fitzpatrick,33,195,M
Janette,Moyer,44,128,F
Willow,Rice,57,236,F
Maddox,Herrera,60,241,M
Helene,Villanueva,21,182,F
Fatima,Pratt,34,143,F
Ken,Brooks,52,185,M
Quinn,Mccann,68,111,F
Brennan,Lynch,50,242,M
Jamal,Mcknight,60,193,M
Amir,Rivers,24,188,M
Dena,Grimes,31,186,F
Leilani,Park,59,200,F
Pam,Bridges,40,215,F
Reese,Davies,59,173,F
Blaine,Manning,18,185,M
Diamond,Parker,49,192,F
Kameron,White,32,202,M
Otto,Knight,24,202,M
Bradford,Mcconnell,56,132,M
Jody,Osborne,52,239,M
Myrna,Beck,66,209,F
Sterling,Stevens,64,113,M
Latasha,Dodson,47,103,F
Teddy,Bell,66,205,M
Asia,Hawkins,47,226,F
Lea,Villa,34,151,F
Alina,Cook,18,214,F
Brooklynn,Yoder,39,143,F
Fay,Becker,32,165,F
Shayla,Holmes,64,174,F
Marty,Shea,33,198,M
Shana,Leonard,18,222,F
Kayleigh,Ritter,61,203,F
Jakob,Byrd,21,192,M
Emil,Guerra,30,138,M
Tania,George,67,124,F
Percy,Cochran,26,159,M
Fiona,Howell,31,166,F
Zackary,Lane,33,210,M
Randi,Mcbride,47,182,F
Cherie,Hall,56,232,F
Billie,Palmer,18,189,M
Keira,Love,48,186,F
Julianne,Ortiz,65,210,F
Lionel,Allen,49,249,M
Dina,Stout,19,158,F
Reed,Joseph,26,226,M
Savanna,Forbes,32,217,F
Elva,Everett,21,101,F
Reuben,Erickson,47,149,M
Esteban,Archer,35,120,M
Francesca,Hooper,23,226,F
Lyla,Barajas,62,186,F
Lorna,Mayo,51,123,F
Hallie,Gray,29,233,F
Shauna,Pittman,22,237,F
Wilfred,Baxter,39,192,M
Amaya,Castillo,56,216,F
Zachery,Howell,20,145,M
Quinton,Miller,22,230,M
Hillary,Gentry,43,135,F
Kyler,Klein,32,219,M
Luca,Moran,65,207,M
Cleo,Garza,63,122,F
Darrin,Williams,52,185,M
Juliet,Fritz,34,105,F
Guillermo,Colon,36,107,M
Gwen,Travis,21,140,F
Bret,Newton,28,204,M
Felipe,Green,50,114,M
Katelynn,Wall,33,237,F
Jodie,Palmer,49,159,F
Aubrey,Garza,34,240,M
Millie,Arellano,45,146,F
Clare,Chambers,44,142,F
Darrel,Mcbride,44,148,M
Luella,Pratt,19,228,F
Merle,Hanna,69,167,M
Shanna,Gibson,62,103,F
Marlon,Cameron,42,238,M
Rylan,Middleton,20,162,M
Daniella,Riley,48,130,F
Cathleen,Wells,58,153,F
Doyle,Roth,40,106,M
Lara,Wagner,63,185,F
Randal,French,52,170,M
Debora,Johnston,47,212,F
Carissa,Sparks,50,216,F
Macy,Orozco,20,234,F
Rory,Farmer,34,101,M
Brenna,Bautista,31,125,F
Karin,Hayden,51,202,F
Hadley,Hooper,33,126,F
Heath,Escobar,55,240,M
Kendrick,Case,22,103,M
Paris,Raymond,23,153,F
Eugenia,Collins,30,113,F
Alyson,Ortiz,48,158,F
Francis,Ware,28,117,F
Davis,Michael,57,119,M
Makenna,Guerrero,48,138,F
Elsa,Spears,18,192,F
Branden,Mason,38,215,M
Ola,Zuniga,40,181,F
Polly,Daugherty,20,136,F
Jayce,Tapia,45,118,M
Jayne,Valdez,26,128,F
Darnell,Boyer,44,231,M
Jewell,Andrade,62,205,F
Dick,Olsen,38,184,M
Angelique,Fitzpatrick,22,236,F
Jaiden,Cherry,42,193,M
Tomas,Calhoun,68,176,M
Haylee,Johnson,43,240,F
Joaquin,Christian,29,167,M
Joni,Warren,43,209,F
Candy,Case,33,219,F
Alta,Christian,53,232,F
Sienna,Fletcher,28,241,F
Zion,Fritz,22,151,M
Zachariah,Whitney,51,207,M
Deandre,Sweeney,65,102,M
Royce,May,35,137,M
Louie,Clements,57,245,M
Talia,Rios,31,192,F
Juliette,Valencia,50,146,F
Taryn,Morales,60,229,F
Cierra,Skinner,65,115,F
Tiana,Rodgers,67,105,F
Cameron,Heath,54,216,F
Gilberto,Rocha,56,237,M
Ali,Zuniga,53,239,M
Alivia,Hardy,37,195,F
Susanne,Zavala,51,246,F
Winston,Paul,27,202,M
Brooks,Kerr,67,138,M
Rocco,Flowers,57,199,M
Stephan,Mccarty,55,144,M
Van,Mccarthy,33,239,M
Alayna,Sexton,24,199,F
Antoine,Bolton,24,199,M
Jarrod,Buck,21,110,M
Rosetta,Madden,59,210,F
Sheena,Benitez,22,223,F
Moises,Campbell,53,215,M
Leola,Humphrey,64,226,F
Kingston,Rodriguez,21,137,M
Simone,Johnson,22,202,F
Xander,Strong,67,174,M
Ingrid,Fitzpatrick,42,227,F
Adelaide,Mccann,46,236,F
Cade,Chen,43,154,M
Rocky,Reyes,18,111,M
Evangeline,Cross,58,219,F
Imogene,Mitchell,34,176,F
Adan,Pennington,48,127,M
Willa,Rocha,42,201,F
Sondra,Perkins,51,151,F
Anderson,Kelly,38,133,M
Boyd,Vazquez,52,172,M
Mickey,Sosa,19,203,M
Hayden,Le,45,197,F
Harmony,Hartman,45,209,F
Grover,Nicholson,36,100,M
Trudy,Brady,24,162,F
Elvira,Lester,43,131,F
Hilary,Lamb,26,204,F
Nell,Pineda,30,111,F
Staci,Cuevas,23,174,F
Johnathon,Villegas,45,135,M
Pat,Huang,24,234,M
Emilie,Nielsen,69,129,F
Jenifer,Carney,46,237,F
Kinsley,Jackson,42,230,F
Dewayne,Buck,30,135,M
Camryn,Frederick,25,121,F
Rosalind,Page,23,123,F
Arielle,Ramirez,55,216,F
Kailey,Blackburn,27,168,F
Selma,Norman,61,152,F
Brenden,Mercer,45,243,M
Maximus,Bradshaw,43,248,M
Luz,Roberson,58,243,F
Eve,Glass,32,169,F
Freddy,Petty,32,119,M
King,Gross,43,150,M
Jerald,Murphy,37,112,M
Ed,Mejia,27,197,M
Ximena,Fleming,38,223,F
Izabella,Adams,20,117,F
Charlie,Montgomery,24,199,F
Maverick,Marshall,31,247,M
Ryker,Herman,46,154,M
Logan,Zuniga,19,124,F
Timmy,Kidd,50,208,M
Rhoda,Green,38,208,F
Vance,Houston,22,132,M
Greta,Rosario,69,112,F
Glenna,Doyle,60,233,F
Kali,Haney,29,240,F
Heaven,York,50,144,F
Eldon,Johnston,65,139,M
Audra,Vance,36,104,F
Kiana,Yang,69,188,F
Blanca,Horton,44,233,F
Walker,Case,37,211,M
Jonas,Solomon,20,137,M
Nannie,Clements,54,198,F
Jess,Duarte,60,210,M
Marley,Meadows,65,199,F
Quincy,Hanson,21,246,M
Clarice,Reeves,43,136,F
Guadalupe,Riggs,23,168,M
Chasity,Stanton,41,137,F
Leanna,Noble,50,134,F
Frieda,Mcguire,24,128,F
Emerson,Levine,49,165,M
Isla,Sexton,56,126,F
Rogelio,Mckay,62,141,M
Ryleigh,Joseph,45,102,F
Ramiro,Briggs,61,135,M
Darwin,Fischer,63,174,M
Ryan,Hickman,33,241,F
Murray,Braun,62,150,M
Aniyah,Braun,35,220,F
Cary,Steele,54,159,M
Brynn,Camacho,40,136,F
Leann,Davies,69,105,F
Maribel,Yu,59,129,F
Conor,Short,55,185,M
Edmond,Reed,68,130,M
Kenya,Porter,53,206,F
Bobbi,Poole,32,200,F
Larissa,Ritter,23,168,F
Jean,Mcmahon,41,114,M
Margo,Ashley,27,190,F
Lizbeth,Soto,54,221,F
Landen,Pineda,56,195,M
Tiara,Ferguson,26,215,F
Gael,Harmon,55,230,M
Marquis,Mclean,19,145,M
Rowan,Randolph,36,111,M
Thaddeus,Callahan,36,216,M
Harley,Rowe,20,244,F
Elaina,Barron,37,109,F
Malia,Gibbs,47,170,F
Bridgette,Lucero,33,230,F
Jeannine,Reynolds,19,142,F
Tamika,Alvarez,65,174,F
Sidney,Diaz,30,232,F
Jeanine,Mcmahon,48,191,F
Matt,Estrada,62,177,M
Ericka,Griffith,39,159,F
Courtney,Massey,56,180,M
Milo,Baker,35,132,M
Winnie,Durham,30,156,F
Rodrigo,Moran,46,136,M
Deana,George,41,125,F
Lamont,Compton,37,141,M
Payton,Arroyo,61,125,M
Rolando,Strickland,20,103,M
Emiliano,Trevino,49,116,M
Skyler,Forbes,35,170,F
Cruz,Barron,68,122,M
Julissa,Hodge,42,160,F
India,Trujillo,35,103,F
Isiah,Larsen,24,190,M
Anton,Orr,61,229,M
Brantley,Mueller,57,185,M
Harlan,Colon,66,212,M
James,Pittman,24,172,F
Alanna,Campbell,30,112,F
Lexi,Torres,35,211,F
Garland,Villa,24,108,M
Colette,Haas,58,157,F
Waylon,Vincent,45,123,M
Carmela,Stout,21,245,F
Nola,Horne,48,166,F
Imani,Sims,68,146,F
Holden,Campbell,61,182,M
Jarrett,Andrade,49,176,M
Ashlynn,Nielsen,55,117,F
Norah,Simon,61,211,F
Keisha,Palmer,48,194,F
Camilla,Morse,36,202,F
Kody,Logan,28,181,M
Charley,Levy,56,204,M
Dominique,Sharp,40,166,M
Emilee,Melendez,44,222,F
Paola,Thornton,56,204,F
Maritza,Frey,68,239,F
Aisha,Wall,31,200,F
Darcy,West,57,223,F
Chris,Villa,66,242,F
Jimmie,Campos,39,234,F
Brianne,Forbes,58,195,F
Bettye,Mckinney,27,201,F
Jeri,Allen,28,195,F
Jan,Marks,68,214,M
Amie,Brock,59,101,F
Michael,Payne,65,170,F
Lenore,Vega,63,219,F
Cyrus,Jennings,23,174,M
Emery,Crawford,41,138,F
Dale,Dodson,58,124,F
Jami,Thornton,37,215,F
Duncan,Wallace,48,232,M
Finn,Duran,67,136,M
Latonya,Patterson,18,201,F
Stacy,Randall,44,198,M
Tonia,Wagner,33,179,F
Buddy,Farrell,25,240,M
Doug,Beasley,57,238,M
Monte,Watkins,40,120,M
Loyd,Nash,20,220,M
Angelia,Ayers,18,198,F
Presley,Mcgee,66,144,F
Ila,Anthony,35,177,F
Bailey,Graham,48,102,M
Issac,Oconnor,23,223,M
Burton,Harrington,34,165,M
Nikolas,Weeks,27,125,M
Robbie,Holden,40,229,F
Stefan,Lindsey,66,192,M
Jefferson,Newton,62,212,M
Rae,Farmer,55,106,F
Teagan,Warren,29,235,F
Abbie,Dunlap,61,222,F
Lorie,Ingram,69,214,F
Nia,Robinson,22,148,F
Rene,Reed,66,117,F
John,Leblanc,26,224,F
Cornelia,Johnson,34,135,F
Marcy,Wyatt,65,249,F
Bernadine,Bush,41,116,F
Denis,Esparza,25,139,M
Cleveland,Fowler,69,150,M
Viviana,Morgan,51,217,F
Rodger,Vega,23,111,M
Katy,Rubio,59,212,F
Devon,Holt,33,223,F
Zander,Adams,18,170,M
Virgie,Mcgee,56,101,F
Flossie,Morse,39,219,F
Roscoe,Wolf,50,104,M
Ladonna,Mathews,65,193,F
Tobias,Robertson,23,210,M
Robbie,Finley,53,233,M
Rosalyn,Moore,61,225,F
Mauricio,Everett,67,118,M
Noe,Schmitt,38,199,M
Jayden,Lang,33,215,F
Ayla,Baird,41,173,F
Harriett,Mays,42,110,F
Christi,Villegas,26,113,F
Elma,Aguilar,67,171,F
Lacy,Molina,51,122,F
Judah,Santiago,58,108,M
Kiera,Barajas,36,134,F
Malinda,Roberts,54,179,F
Maddison,Francis,37,212,F
Corrine,Stephens,48,165,F
Madalyn,Gross,61,123,F
Emerson,Mcintyre,25,148,F
Mara,Hill,32,243,F
Elnora,Zuniga,54,165,F
Dorian,Clark,28,221,M
Susana,Wagner,21,110,F
Kaylie,Buckley,41,102,F
Erwin,Ferrell,68,139,M
Brendon,Guzman,52,242,M
Rhett,Contreras,51,116,M
Skye,Carr,59,195,F
Tabatha,Richards,46,147,F
Tanisha,Osborne,65,173,F
Elton,Stein,35,108,M
Johnie,Morrison,52,223,M
Ruthie,Reid,18,166,F
Silvia,Christensen,59,228,F
Elyse,Scott,42,236,F
Neva,Underwood,54,214,F
Nathanael,Pacheco,21,142,M
Noreen,Livingston,53,183,F
Kamryn,Wagner,56,165,F
Sammie,Mooney,38,156,M
Marlin,Bolton,58,193,M
Mavis,Key,47,160,F
Keaton,Stewart,44,115,M
Titus,Booth,54,235,M
Karissa,Brennan,38,189,F
Tristen,Archer,65,155,M
Cadence,Allison,33,169,F
Christian,Joseph,60,246,F
Lauryn,Lamb,35,142,F
Elinor,Dyer,19,154,F
Noemi,Goodwin,24,193,F
Raphael,Cochran,22,120,M
Vaughn,Giles,62,115,M
Robert,Dawson,54,116,F
Leonel,Summers,66,186,M
Kurtis,Blair,40,218,M
Nova,Tate,61,127,F
Jase,Noble,49,184,M
Yasmin,Hart,28,232,F
Tatum,Odonnell,69,206,F
Kristian,Buchanan,27,173,M
Barrett,Cameron,34,223,M
Elwood,Ryan,53,188,M
Cecile,Henson,55,233,F
Elvin,Zavala,32,109,M
Norbert,Lane,38,107,M
Dorthy,Valdez,57,112,F
Gale,Castillo,62,183,F
Lia,Everett,69,145,F
Reynaldo,Joseph,37,117,M
Nelda,Glenn,61,207,F
Phil,Mckenzie,25,125,M
Ashton,Beck,48,104,F
Dolly,Castro,28,218,F
Romeo,Atkins,41,119,M
Louisa,Stein,31,118,F
Aden,Simon,50,235,M
Terrie,Moore,62,162,F
Latisha,Schroeder,64,143,F
Catalina,Acosta,59,229,F
Perla,Dunn,48,123,F
Derick,Dodson,41,195,M
Mikaela,Fowler,62,163,F
Adalyn,Velazquez,39,150,F
Maura,Thompson,19,155,F
Precious,Salas,22,224,F
Alessandra,Vincent,56,245,F
Nathalie,Parsons,65,244,F
Carmella,Anthony,44,206,F
Susanna,Frye,66,210,F
Melisa,Rich,61,191,F
Baylee,Ellison,43,129,F
Vicente,Cantrell,34,219,M
Aron,Thomas,62,246,M
Sybil,Richards,27,109,F
Paxton,Clarke,40,174,M
Cash,Cantrell,61,139,M
Selina,Bond,18,192,F
Adalynn,Moon,60,103,F
Jayda,Valencia,33,202,F
Danna,Richards,40,121,F
Kelsie,Chavez,46,223,F
Kassidy,Stevens,34,204,F
Esperanza,Savage,38,201,F
Sage,Booker,57,122,F
Emely,Leon,35,226,F
Reece,Decker,62,190,M
Hollie,Maldonado,36,183,F
Dollie,Wall,32,232,F
Letha,Schaefer,21,228,F
Macie,Preston,29,141,F
Georgina,Cabrera,33,199,F
Brenton,Miller,53,227,M
Scotty,English,57,244,M
Gus,Nguyen,34,126,M
Bryanna,Knapp,46,233,F
Dona,Archer,48,115,F
Zayden,Raymond,54,179,M
Marcel,Shaw,45,189,M
Annika,Garrett,62,126,F
Nyla,Doyle,27,239,F
Annmarie,Vance,31,245,F
Kiley,Villarreal,68,248,F
Pierre,Lam,23,215,M
Dion,Perry,30,153,M
Valarie,Terrell,38,176,F
Claudette,Simon,63,235,F
Ashley,Myers,67,124,M
Ariel,Ayers,29,118,M
Katlyn,Gallagher,65,153,F
Adolph,Carpenter,65,187,M
River,Foster,31,151,M
Caiden,Moran,68,119,M
Abbey,Matthews,21,106,F
Beverley,Dyer,35,239,F
Araceli,Wolfe,32,222,F
Chanel,Beltran,54,164,F
Ophelia,Harding,59,222,F
Lupe,Mcintyre,32,244,F
Ignacio,Duffy,63,158,M
Keenan,Santos,23,155,M
Raegan,Lang,18,247,F
Gillian,Harris,47,238,F
Bobbie,Poole,60,216,M
Alexus,Fischer,22,189,F
Tate,Davenport,58,147,M
Rylie,Jefferson,48,167,F
Matteo,Levy,18,124,M
Martina,Zhang,65,168,F
Cortney,Nichols,49,110,F
Kyleigh,Barnes,22,138,F
Nayeli,Robbins,44,247,F
Emery,Potts,29,150,M
Zackery,Murillo,60,166,M
Kaylin,Turner,22,141,F
Arabella,Blackburn,26,202,F
Chandra,Bryan,61,201,F
Kimberlee,Stanton,36,181,F
Roslyn,Rosales,50,120,F
Roxie,Graves,18,190,F
Rusty,Lynn,54,101,M
Sarai,Barrett,45,235,F
Gay,Durham,48,178,F
Jarvis,Horne,66,245,M
Pearlie,Bailey,60,128,F
Londyn,Arias,56,157,F
Efrain,Booker,55,200,M
Ahmad,Cameron,39,188,M
Magdalena,Leach,66,114,F
Beatriz,Gilmore,20,200,F
Saundra,Barrett,58,145,F
Dulce,Burke,68,233,F
Colt,Carroll,57,190,M
Justice,Andrews,43,105,M
Skylar,Werner,50,139,M
Paulina,Collins,54,168,F
Cali,Montes,46,246,F
Amari,Doyle,52,184,M
Khalil,Lynn,51,173,M
Chuck,Washington,32,161,M
Eleanore,Reed,43,218,F
Elissa,Ochoa,19,156,F
Jamison,Bright,61,185,M
Juana,Colon,55,102,F
Ilene,Rubio,40,181,F
Kenzie,Marks,30,178,F
Maci,Galvan,63,121,F
Kade,Walsh,31,229,M
Devin,Shields,35,236,F
Josh,Snow,20,170,M
Odessa,Rhodes,25,187,F
Sonny,Henson,29,201,M
Ulysses,Hendrix,60,233,M
Krystle,Lynch,52,151,F
Lorrie,Carr,42,157,F
Arline,Chapman,22,128,F
Loraine,Gilmore,18,144,F
Sharron,Fuller,50,220,F
Deirdre,Murillo,35,217,F
Lilian,Larson,37,224,F
Liza,Lindsey,39,137,F
Madilyn,Salinas,61,227,F
Gunner,Freeman,35,248,M
Carey,Russell,47,141,M
Belle,Gonzales,69,105,F
Tommie,Spears,43,242,F
Ned,Castro,68,205,M
Alyce,Wilkins,25,102,F
Prince,Ramos,51,196,M
Everly,Price,44,112,F
Abram,Key,23,220,M
Marta,Nichols,53,183,F
Jerry,Garrison,68,101,F
Melina,Liu,69,108,F
Danica,Hansen,21,161,F
Janae,Roth,44,192,F
Jacklyn,Whitney,23,133,F
Elvis,Burnett,57,193,M
Octavia,Sanchez,39,242,F
Jeanie,Hartman,62,177,F
Wiley,Adkins,42,159,M
Carley,Andrews,22,172,F
Avis,Kent,65,226,F
Tyler,Donaldson,21,203,F
Santos,Briggs,33,111,M
Shayna,Terry,48,181,F
Reese,Sharp,18,240,M
Rhea,Harmon,39,203,F
Al,Barker,62,179,M
Brandie,Boyd,34,240,F
Cathryn,Lamb,36,111,F
Russel,Costa,38,199,M
Asa,Stuart,43,128,M
Augustus,Hood,43,240,M
Emory,Delacruz,65,195,M
Lilliana,Dudley,33,234,F
Consuelo,Tyler,52,220,F
Nanette,Duarte,20,186,F
Suzette,Cunningham,21,192,F
Chrystal,Donaldson,24,125,F
Curt,Leonard,47,231,M
Kobe,Copeland,58,191,M
Raelynn,Dalton,23,247,F
Althea,Gutierrez,38,163,F
Joselyn,Barker,50,179,F
Nicolette,Vaughn,58,149,F
Charmaine,Faulkner,67,153,F
Major,Greene,53,227,M
Chantel,Bird,34,248,F
Parker,Conley,34,113,F
Anya,Lawrence,23,122,F
Blair,Beard,46,181,M
Karter,Baker,52,190,M
Lina,Lamb,20,226,F
Bruno,Hubbard,63,225,M
Porter,Peterson,21,105,M
Tyrell,York,41,200,M
Carmen,Merritt,48,199,M
Uriel,Richardson,39,107,M
Humberto,Ruiz,34,123,M
Zelma,Griffith,65,131,F
Millard,Gould,37,165,M
Pierce,Kelley,63,187,M
Coy,Banks,58,130,M
Javon,Nielsen,48,198,M
Hal,Williamson,57,157,M
Coleman,Huffman,20,164,M
Libby,Henderson,44,227,F
Ainsley,Torres,69,153,F
Liana,Miles,21,161,F
Gemma,Ware,23,126,F
Ernie,Valdez,38,223,M
Samara,Murillo,32,143,F
Galen,Richard,36,162,M
Nona,Morse,57,145,F
Casandra,Blake,31,173,F
Bart,Carter,48,124,M
Corina,Donaldson,21,144,F
Damion,Vega,29,130,M
Nehemiah,Mccoy,48,177,M
Rickie,Weiss,52,244,M
Shelby,Owen,34,165,M
Justice,Shaffer,28,183,F
Janna,Poole,58,144,F
Jax,Li,40,153,M
Earline,Vance,39,115,F
Itzel,Bowen,53,222,F
Ollie,Garza,66,104,M
Lavonne,Yu,53,103,F
Kermit,Rios,32,211,M
Norris,Gomez,18,132,M
Marianna,Roberson,32,154,F
Kaitlynn,Hopkins,35,213,F
Thurman,Cannon,24,118,M
Orion,Stephens,37,107,M
Cristal,Simmons,18,148,F
Lyric,Mccormick,32,103,F
Augusta,Walton,48,182,F
Destinee,Calderon,59,133,F
William,Frazier,54,115,F
Kathrine,Reid,68,241,F
Miracle,Bush,41,117,F
Kaleigh,Rhodes,27,225,F
Aldo,Hardin,36,176,M
Mina,Jackson,18,149,F
Aniya,Lee,53,204,F
Barney,Calhoun,49,178,M
Monroe,Stephens,27,169,M
Adelyn,Reilly,27,132,F
Jamar,Todd,35,242,M
